text,label,source
huh anyway check tube channel kobyoshi,1,YouTube
hey guy check new channel first vid u monkey monkey white shirt please leave like comment please subscribe,1,YouTube
test say murdev com,1,YouTube
shaking sexy as channel enjoy,1,YouTube
watch v vtarggvgtwq check,1,YouTube
hey check new website site kid stuff kidsmediausa com,1,YouTube
subscribe channel,1,YouTube
turned mute soon came wanted check view,0,YouTube
check channel funny video,1,YouTube
u check channel tell next,1,YouTube
hey subscribe,1,YouTube
started reading stop subscribe within one day entire family die want stay alive subscribe right,1,YouTube
[url],1,YouTube
subscribe like comment,1,YouTube
please like [url],1,YouTube
hello like gaming art video scientific experiment tutorial lyric video much much please check channel subscribe started soon hope able cover expectation also check got far,1,YouTube
checking view,0,YouTube
[url],1,YouTube
[url],1,YouTube
edm apparel company dedicated bringing music inspired design clothing perfect rave music festival neon crop top tank top shirt v neck accessory follow u facebook instagraml free giveaway news visit site oncueapparel,1,YouTube
think million view come people wanted check view,0,YouTube
subscribe channel people,1,YouTube
show auburn pride [url],1,YouTube
checking view,0,YouTube
check channel,1,YouTube
marketglory com strategygame andrijamatf earn real money game,1,YouTube
hey guy im yr old music producer make chiptunes bit music would wonderful checked bit remixes even gangnamstyle bit remix would like check thanks,1,YouTube
check kyle rap yeah,1,YouTube
dont even watch anymore come check billion,0,YouTube
billion coming soon,0,YouTube
dafuq korean song big usa mean support korean last time checked wanted bomb u,0,YouTube
check channel please listen best music ever p,1,YouTube
sub sub please like comment want succesfull youtube pplease like comment subscribe take second please subscribe ill subscribe back thanks,1,YouTube
youtube codytolleson awesome video subscribe back,1,YouTube
like roblox minecraft world warcraft gta mario suscribe channel,1,YouTube
subscribe subscribe must like czfcxsn jnq,1,YouTube
[url] come follow watch stream,1,YouTube
subscribe channel,1,YouTube
view pls comment view count next hour p,0,YouTube
[url],1,YouTube
go check view,0,YouTube
thumb u checked video see hw view got,0,YouTube
plz subscribe channel subscribe back xx,1,YouTube
check back often help reach x view avoid watching baby,0,YouTube
video get billion people checking hit billion yet,0,YouTube
[url] like facebook page chance win iphone,1,YouTube
get gwar play superbowl [url],1,YouTube
pls follow channel [url],1,YouTube
hi guy check youtube channel,1,YouTube
subscribe like video minecraft,1,YouTube
[url] great game check,1,YouTube
subscribe,1,YouTube
im check much view,0,YouTube
first comment chuck norrus ovbiously,0,YouTube
behold viewed youtube video history ever,0,YouTube
gonna hit billion,0,YouTube
viewed youtube video time,0,YouTube
dislike like dislike,0,YouTube
psy korean,0,YouTube
back quite,0,YouTube
billion,0,YouTube
plz check fablife welcome fablife diys challenge plz subscribe thx,1,YouTube
sub channel,1,YouTube
[url],1,YouTube
[url],1,YouTube
[url],1,YouTube
gt gt gt gt [url] lt,1,YouTube
[url] free c go,1,YouTube
admit came check number viewer,0,YouTube
check first video,1,YouTube
check channel,1,YouTube
psy gangnam style v [url],0,YouTube
suscribe channel please xd lol,1,YouTube
wow comment section still active bad also comment,0,YouTube
[url],1,YouTube
ching ching ling long ding ring yaaaaaa ganga sty fuck,0,YouTube
[url] please halp project,1,YouTube
one video channel brother,1,YouTube
video many view asian thing awesome non asian country jelly try learn asia looking video,0,YouTube
plizz withing channel,1,YouTube
made gaming channel unique right l angry minecraft,1,YouTube
please help go [url],1,YouTube
anybody subscribes get subscriber,1,YouTube
[url],1,YouTube
subscribe itz recap diddle,1,YouTube
screw chinese crap dont even understand saying speaking english like everyone,0,YouTube
need money enjoy [url],1,YouTube
sub channel visuelgamingznl sub back,1,YouTube
please subscribe new youtuber need help please subscribe subscribe back hoppa hoppa gangam style,1,YouTube
sub dont like song,1,YouTube
weird video,0,YouTube
million like xd even subscriber million xd,0,YouTube
ehi guy subscribe channel new youtuber play minecraft thanks guy subscribe,1,YouTube
hi everyone like music check music channel lexis band uploading song cover soon miss please subscribe help u lot take one click gt,1,YouTube
song never get old love,0,YouTube
gofundme com grwmps,1,YouTube
bitch,0,YouTube
made china,0,YouTube
milions comentars bilion view,0,YouTube
zero,0,YouTube
mix psy gangnam style v psy gangnam style v,0,YouTube
billion view holy shit,0,YouTube
suscribe channel please,1,YouTube
guy please subscribe help channel grow please guy,1,YouTube
great music anyway,0,YouTube
psy gangnam style v [url],0,YouTube
somebody wake get billion view,0,YouTube
psy got lot money youtube got billion view view world,0,YouTube
justin bieber gay,0,YouTube
gotta say funny well billion worth funny still clicked everything went uphill least jb shit,0,YouTube
[url] plz,1,YouTube
stupid people video doesnt billion visit thousand million,0,YouTube
[url],1,YouTube
check men put allot effort music unfortunatly many watch,1,YouTube
pls [url] help get vip gun cross fire al,1,YouTube
add [url],1,YouTube
check channel please singing cover,1,YouTube
think place promote channel comment section lol,0,YouTube
get free gift card pay pal money,1,YouTube
check pivot animation channel,1,YouTube
follow twitter amp ig killuminati,1,YouTube
check gaming,1,YouTube
oppa yeah best song,0,YouTube
[url],1,YouTube
[url],1,YouTube
[url],1,YouTube
reminds song [url],1,YouTube
free gift card go [url],1,YouTube
follow twitter mscalifornia,1,YouTube
every single type face earth,0,YouTube
check channel new song static love,1,YouTube
incmedia org truth meet,1,YouTube
look channel make minecraft pe let play,1,YouTube
found song,0,YouTube
billion,0,YouTube
song name,0,YouTube
please like [url],1,YouTube
hey guy wouldnt mind chacking rap give like il giver vids like,1,YouTube
[url],1,YouTube
subscribe subscribe back,1,YouTube
[url],1,YouTube
christmas song visit channel,1,YouTube
[url],1,YouTube
subscribe subscribe back plus nice as lol,1,YouTube
[url],1,YouTube
[url],1,YouTube
[url],1,YouTube
please give u chance check new music video channel disappointed,1,YouTube
please subscribe,1,YouTube
please check vidios,1,YouTube
oppa gangnam style,0,YouTube
oppa lt,0,YouTube
funny awesomeness lol aaaaaaa sexy lada,0,YouTube
viewed video world,0,YouTube
check view holy shit,0,YouTube
[url] click [url] [url] [url] [url] [url] [url],1,YouTube
tried new social network tsu new social network special thing share post well fb twitter even get paid registr [url],1,YouTube
guy yellow suit kinda look like jae suk,0,YouTube
billion view there million people world multiple account,0,YouTube
wat da fuck viewed video youtube,0,YouTube
omg people watched video billion people world billion watched,0,YouTube
saying,0,YouTube
many view,0,YouTube
omg billion view,0,YouTube
subscribe plz plz plz plz plz plz,1,YouTube
[url] follow twitch enter keyword chance winning really nice expensive gun csgo sell steam market,1,YouTube
[url] get money,1,YouTube
fantastic,0,YouTube
population world billion,0,YouTube
view,0,YouTube
wow min ago,0,YouTube
super,0,YouTube
p e c e amp l v e,0,YouTube
music video get billion view im one watching earth lol,0,YouTube
please friend read book repass [url],1,YouTube
subscribe,1,YouTube
still best,0,YouTube
liked video youtube,0,YouTube
still watching year later,0,YouTube
billion view piece shit r e u k n g e,0,YouTube
gangman sty drop bass,0,YouTube
song ever reach billion view,0,YouTube
anyone sub channel,1,YouTube
prehistoric song,0,YouTube
think smart headbutt face,0,YouTube
dislike one know real music ex enimen,0,YouTube
loool nice song funny one understands love,0,YouTube
like came see many view song,0,YouTube
pray little psy,0,YouTube
follow instagram chris cz,1,YouTube
shit still relevant,0,YouTube
lol shit never get old,0,YouTube
say song change world completely good job psy girl awesome,0,YouTube
u see camera man glass,0,YouTube
comment wrong,0,YouTube
hate music fucking singer every koean chainise ana u suck dick,0,YouTube
hahahahah,0,YouTube
reach billion view december,0,YouTube
funny thing song made took year get america,0,YouTube
dont see comment mine,0,YouTube
jap piece shit worthless fish head dont know one like dumb untanlted gook isnt even fucken music fucking sad even thing people fucked,0,YouTube
remember everyone obsessed gangnam style,0,YouTube
remove video wank,0,YouTube
many memory,0,YouTube
million comment youtube user million fake account psy hacked youtube,0,YouTube
going voyage first comment tell family loved,0,YouTube
korean girl slut bitch hyuna,0,YouTube
hey guy check kollektivet slappin penis think deserve much credit receive,1,YouTube
still fun music video watch,0,YouTube
c mon billion view,0,YouTube
subscribe chanel,1,YouTube
lol,0,YouTube
pause last millisecond see chick laugh take try,0,YouTube
psy good guy,0,YouTube
billion view song annoying,0,YouTube
[url],1,YouTube
millioon dislikesssssssssssssssssssssssssssssssss,0,YouTube
little psy suffering brain tumor month live please pray best luck,0,YouTube
little kidz like billon people earth millon get fact straight posting comment,0,YouTube
stupid humanity,0,YouTube
come watch video called odowd crowd zombie movie part,1,YouTube
know song suck dick need use google translate know fuck saying,0,YouTube
wow video viewed youtube video second come justin bieber baby smh world come,0,YouTube
watching,0,YouTube
viewed video youtube daaaaaaaaaaannng view almost dominate entire china,0,YouTube
gangnam style,0,YouTube
lol youtuber officialpsy getting much money lol,0,YouTube
million dislike epic fail ready fanboys,0,YouTube
reach subscriber go round public pouring bucket ice water people running away acting like like people see,1,YouTube
youtube money,0,YouTube
billion shit,0,YouTube
hi guy name dylan irl football video subscriber think guy would like content come check subscribe,1,YouTube
follower please [url],1,YouTube
billion view wow even baby justin beibs much deserve capitalized name,0,YouTube
reach subscriber tazz self friend,1,YouTube
please help go college guy thanks bottom heart [url],1,YouTube
[url],1,YouTube
awesome smart sucscribe,1,YouTube
follow follow vaahidmustafic like like,1,YouTube
[url] psy news cal,1,YouTube
[url] add mee lt lt,1,YouTube
im sorry spam name jenny go high school everyone dress fashionable need money buy cute clothes low self esteem live dad mom passed away really mother figure brother older since boy get attention alone really want wear pretty clothes like girl school get boyfriend self im quite shy school confidence talk someone one friend name caroline moved away im alone could donate money would great care expensive brand ill shop walmart pretty clothes also wanna get nail done salon see alot girl french tip never nail salon really appreciate get hair curled [url] thanks omg please,1,YouTube
hate song,0,YouTube
please throw sub channel,1,YouTube
go channel u want see fly getting burned alive,1,YouTube
came check view p,0,YouTube
hav absolutely idea saying even language,0,YouTube
please check vidios guy,1,YouTube
still day wonder video popular illuminati confirmed,0,YouTube
hey guy check channel plz mine craft video let shoot sub,1,YouTube
getting old,0,YouTube
please subscribe,1,YouTube
came check view count,0,YouTube
check music video fuego u la la remix hyperurl co k xt,1,YouTube
check music video please subscribe fuego u la la remix hyperurl co k xt,1,YouTube
[url],1,YouTube
world record youtube video view xd,0,YouTube
think drunk x,0,YouTube
limit sun exposure driving eliminate hassle swing car visor windshield window [url],1,YouTube
[url],1,YouTube
[url],1,YouTube
follow company twitter thanks [url],1,YouTube
imagine guy put adsense view u could pay ur morgage,0,YouTube
hey come check u new youtube let u know think forget subscribe thanks,1,YouTube
[url],1,YouTube
[url] please like frigea marius gabriel comment,1,YouTube
please buy new christmas shirt buy time december th sold worldwide miss [url],1,YouTube
free apps get crdits click link download app done link [url],1,YouTube
song like view michael jackson smh,0,YouTube
everyones back lool almost year old people still hear xd,0,YouTube
billion view planet lol,0,YouTube
watching,0,YouTube
subscribe call duty vids give aways goal sub,1,YouTube
hi guy please android photo editor download thanks [url],1,YouTube
love much also generate free lead auto pilot amp [url],1,YouTube
[url] vote sone please vip please help u gt lt,1,YouTube
[url] song,1,YouTube
hey everyone watch trailer [url],1,YouTube
check rapping hope guy like [url] follow message,1,YouTube
hey guy visit channel pleaase searching dream,1,YouTube
nice [url],1,YouTube
[url],1,YouTube
hey guy glamour beauty started youtube channel please go check going post singing video also random video fell like please go subscribe come soon remember subscribe,1,YouTube
hey guy mom said got sub christmas get kitten always wanted kitten please watch video like subscribe like please mean comment,1,YouTube
[url],1,YouTube
[url],1,YouTube
[url] please check stuff make feedback,1,YouTube
take break katie help reach subscriber month new music free downloads,1,YouTube
subscribe please,1,YouTube
check cover video coming please subscribe,1,YouTube
subscribe channel,1,YouTube
hey guy small youtuber upload video nearly every single day hope like shikas please give min life view channel new video watch anime free pretty sure wont regret visiting channel thank,1,YouTube
[url] please join voice liked shared please win audition score thanks much,1,YouTube
katy perry u sit face please would really awesome give dollar ok want please call subscribe channel first ok thats good u sit face ill get erection sit k,1,YouTube
[url] people talented talented sponsor,1,YouTube
really love video [url],1,YouTube
hi guy check awesome edm amp house mix thanks lot [url],1,YouTube
hiya started youtube would mean lot could subscribe watch first video xx,1,YouTube
watch maroon latest nd single v always [url] com watch v tq fuau,1,YouTube
help please [url],1,YouTube
[url] download make money today,1,YouTube
[url],1,YouTube
votekatyperry mtv vma best lyric video see lead vote [url],1,YouTube
[url],1,YouTube
south american jungle jungle matter find african elephant bengal tiger place made video,0,YouTube
[url],1,YouTube
ima rapper trying get notice please check mixtape datpiff com mixtapes detail php id,1,YouTube
even without make still hot [url],1,YouTube
thanks video know nokia phone survive plane crash,0,YouTube
[url],1,YouTube
treu detective alternate ending [url],1,YouTube
new makeup transformation integrated look like feature available ver know look like install update version makeup transformation [url] visit google play,1,YouTube
perfect lt,0,YouTube
nicee sabrosura viva [url],1,YouTube
[url],1,YouTube
yay im th commenter crazy please donate bitcoins fhenqx twqm v ptayiejnealahzvem,1,YouTube
[url],1,YouTube
song make want drink bleach,0,YouTube
really hardcore,0,YouTube
[url],1,YouTube
follow watch video follow watch video follow watch video follow watch video follow watch video follow watch video follow watch video,1,YouTube
big fan song video awesome,0,YouTube
katy perry stop dont song dont like,0,YouTube
go channel check written song,1,YouTube
subscribe u gonna hear roar,1,YouTube
opinion think look better black hair blond hair,0,YouTube
gonna hear roarrrr,0,YouTube
follow gt [url],1,YouTube
finish dissertation laugh face finish roaaarrr,0,YouTube
old whore,0,YouTube
please share help friend [url] thank much,1,YouTube
roaaaaarrrrrr,0,YouTube
look fun good song,0,YouTube
love katy,0,YouTube
loved much get stand fear,0,YouTube
click itunes code [url],1,YouTube
katy perry inspirational singer voice awesome loved much achieved music history believe guy could take min go channel watch first video would greatly thankful ty guy n katy still awesome xoxo,1,YouTube
hi guy sell jack daniel hard back cover case iphone c old time dollar ebay [url],1,YouTube
[url] gf,1,YouTube
subscribe,1,YouTube
cute,0,YouTube
roar without doubt best song feel good song message everyone good job katy,0,YouTube
great mother jungle sweet natural like video,0,YouTube
[url] vote sheldon please guy give star thanks advance,1,YouTube
katy conqueror haki gt,0,YouTube
check video please hate give one oportunity,1,YouTube
wow nice congrasulation live much [url],1,YouTube
bilion poeple earth stop dumb,0,YouTube
love shit disliked suck,0,YouTube
great video great artist katy perry admire creativity check channel nonsense mobile tech review comparison well iphone plus review comparison,1,YouTube
real animal,0,YouTube
maybe best music video last year pop music done folk,0,YouTube
love katy perry lt lt,0,YouTube
boooobs,0,YouTube
almost katys birthday october th let say happy birthday katy,0,YouTube
katy perry looking soo pretty damn cute,0,YouTube
great song go katy,0,YouTube
looooooooooooooooooooovvvvvvvvveeeeeeeeeeee ittttttttttttt,0,YouTube
telephone,0,YouTube
comment randomly get lot like reply reason also like jello strawberry jello,0,YouTube
katy voice gold video really brings lyric life rapper subscriber thumb hate take shit water splash nut,1,YouTube
song million view million people world,0,YouTube
katy perry garbage rihanna best singer world,0,YouTube
[url],1,YouTube
song good got overplayed hell radio,0,YouTube
great song,0,YouTube
awesum song jus luv,0,YouTube
watch video xx,1,YouTube
please check acoustic cover channel thanks,1,YouTube
imagine news crazy woman found acting like tiger bit jims ear,0,YouTube
selfie alert,0,YouTube
going hear roar soundsofsunday,0,YouTube
shit,0,YouTube
love vena trojmiasto pl vena bus taxi html,1,YouTube
katty perry please say one new videoes follow girl girl please,1,YouTube
big fan love,0,YouTube
[url],1,YouTube
lt katy perry,0,YouTube
[url],1,YouTube
[url],1,YouTube
interested making extra money internet use next link [url],1,YouTube
hey guy plz check youtube channel c funny girl cup reaction thanks plz subscribe thanks,1,YouTube
please subscribe every sub get shout tell type video u want try make happen,1,YouTube
hey guy subscribe channel reason please,1,YouTube
katycat [url],1,YouTube
least get rid completely useless makeup,0,YouTube
love roar katy perry favorite singer sometimes mute volume look,0,YouTube
best best video world,0,YouTube
gt attention katycats katy lead noms year mtv ema vote daily tv mtvema com vote delete space thumb share fb,1,YouTube
really like song,0,YouTube
son love much,0,YouTube
love,0,YouTube
follow instagram bigboss,1,YouTube
elephant broken horn,0,YouTube
free itunes giftcard code [url],1,YouTube
find make freakin jungle,0,YouTube
cute monkey,0,YouTube
nice song,0,YouTube
subscribe please,1,YouTube
beginning scared everything next thing know leopard bikini,0,YouTube
please look channel,1,YouTube
three bigger secret think good enough skinny size bisexual sweat really freaking bad nervous check secret austin mahone new single,1,YouTube
[url] like mee,1,YouTube
katy beautiful song catchy rapper subscriber thumb hate take shit water splash ball,1,YouTube
love green eye,0,YouTube
old katy perry,0,YouTube
popular video youtube,0,YouTube
nokia spotted,0,YouTube
hi everyone dream passionate sex katy perry people believe maybe sex giant part life push better person please give chance giving thumb love ambition please subscribe,1,YouTube
fantastic,0,YouTube
j aiiima plzzz [url],1,YouTube
[url],1,YouTube
awesome xd,0,YouTube
katy perry song bad,0,YouTube
hi beaties made new channel please go check subscribe enjoy,1,YouTube
[url] like page yo,1,YouTube
beautiful bella diagnosed wobbler syndrome way could afford mri surgery dog special member family without surgery fear lose please help [url],1,YouTube
[url],1,YouTube
[url],1,YouTube
good,0,YouTube
[url],1,YouTube
awesome video one favorite song,0,YouTube
body like katy perry look hot love,0,YouTube
download rapid facebook free [url],1,YouTube
else would give katy perry good old mighty roar,0,YouTube
omg love katy parry song rock thats total subscribe,0,YouTube
[url] esyest money ever join team,1,YouTube
katy perry roar official [url],0,YouTube
free itunes gift card [url],1,YouTube
katy perry awesome,0,YouTube
song addicting hook dope catchy love video getting popular fast rap real thumb piss next water toilet quiet,1,YouTube
nice song see new track,1,YouTube
love sooooooooooooong love katy perry,0,YouTube
tattoo right tricep say,0,YouTube
since katy perry youtube channel,0,YouTube
rekt ur mum last nite cuz da haterz much meh lik dis u cri evertim sponswer mi robox vidz [url],1,YouTube
perfect wonder,0,YouTube
[url],1,YouTube
horrible acting cringe worhty,0,YouTube
tiger called katty purry,0,YouTube
follow twitter freyacumqueen,1,YouTube
katy perry roar official [url],0,YouTube
vote katy emas katycats [url],1,YouTube
visit channel,1,YouTube
wow sexy xd,0,YouTube
looking new music listen check cece song called dead itunes music video right youtube,1,YouTube
katy voice angel,0,YouTube
like page please [url],1,YouTube
video racist animal,0,YouTube
man beautiful,0,YouTube
want win borderland pre sequel check channel,1,YouTube
hi would appreciate could help like poster facebook [url],1,YouTube
plz help getting subscriber tonight today thanks sub,1,YouTube
yesterday video million like million,0,YouTube
tiger succumbs beautiful girl probably male tiger ha ha ha,0,YouTube
best song ever,0,YouTube
thank katyperryvevo instagram like axeljonssons,1,YouTube
please subscribe channel,1,YouTube
love katty perry lt,0,YouTube
video great love like much katy perry,0,YouTube
illegal goodlooking babe,0,YouTube
katy mine girl dream,0,YouTube
love song,0,YouTube
fit,0,YouTube
love song roar make think fill way,0,YouTube
rapid facebook free version color characterized fast beauty download [url],1,YouTube
hey katycats releasing movie midnight uk time celebrate katy th birthday sure subscribe channel watch movie,1,YouTube
favorite song,0,YouTube
song never get old lt,0,YouTube
happy birthday katy [url],1,YouTube
like katy perry,0,YouTube
glad know im one know katheryn birthday today happy birthday katy sister seriously birthday,0,YouTube
katy perry sing shit hear autotune,0,YouTube
fucking hate write song got producer second tha fack every song almost nude mayby attention hooker,0,YouTube
also luckymusiqlive probably could help u make big think u talent look name internet hit u get message,1,YouTube
check drum cover e thanks gt watch v povz oiq amp list uultucdihsdei ow wuq,1,YouTube
put famous people jungle hour look happens,0,YouTube
love katy perry lt,0,YouTube
sign free tsu start making money social medium add follow ill add follow [url],1,YouTube
love relate daughter music katy perry roar official [url],0,YouTube
subscribe subscribe back,1,YouTube
katy perry roar official soundsofsunday music,0,YouTube
love,0,YouTube
people believe illuminati stupid people believe made american government,0,YouTube
plz subscribe channel need sub sub back need help,1,YouTube
please look dhg song playlist bunch amazing song,1,YouTube
hey nerdy peach new youtuber would mean absolute world could check em lt hope like,1,YouTube
im pretty sure tiger wanted hug,0,YouTube
[url],1,YouTube
song give strength love lyric video really brings lyric life getting known fast rap meaning thumb piss next water toilet quiet,1,YouTube
[url],1,YouTube
[url],1,YouTube
love katy perry sing nice shakira,0,YouTube
[url],1,YouTube
facebook account hack [url],1,YouTube
love katty perry,0,YouTube
perry good job good job love video way please describe channel please please please please trying get many comment skyburst light cancer get famous please,1,YouTube
cover u want check thank u michael age,1,YouTube
everybody please vote katy ema best song best female best pop best live best look best video please vote katy please please please vote vote vote katy katy katy,1,YouTube
h god roar liked video vevo month ago justin baby congrats katy applause lt,0,YouTube
[url],1,YouTube
[url],1,YouTube
hi everyone like music check music channel lexis band uploading song cover soon miss please subscribe help u lot take one click gt,1,YouTube
[url],1,YouTube
rather hear propa explicit gangsta rap insted garbage song trash,0,YouTube
good song an katy sound great melody im growing artist everyday hit song crazy got name cant thank fan support could take moment check music maybe join make dream come true thank time,1,YouTube
love u make smile im sad cheer beautiful song lt,0,YouTube
katy perry roar official [url] love song video katy perry rock wahoo,0,YouTube
somehow access makeup middle wood,0,YouTube
look real daughter big fan like lot song,0,YouTube
segue ha [url],1,YouTube
stupid roared lion real life dede,0,YouTube
song awesome made everything stand viewer could imagine setting video awesome job katy perry,0,YouTube
katy perry roar official [url],0,YouTube
katy perry lion,0,YouTube
like song video go perfect,0,YouTube
katy perry song best song woman artist,0,YouTube
like song animal like song,0,YouTube
[url],1,YouTube
love song much heard much pretty much memorized lyric,0,YouTube
latest movie please visit site [url],1,YouTube
love subscribed,1,YouTube
[url] go register free money,1,YouTube
check mah girl duh shit yo,1,YouTube
check video youtube facebook lhudygirlamaya,1,YouTube
check acoustic channel,1,YouTube
know someone see dream greatest video best quality right feel like getting anywhere need help could possibly watch video mean world please thumb others see appreciate much please listen hate honestly appreciate much love give year old chance,1,YouTube
hate video like poor animal,0,YouTube
hii youtube,0,YouTube
nice nice,0,YouTube
love song,0,YouTube
katy shit go die roar floooooooooooooooooooop,0,YouTube
love music,0,YouTube
th grade teacher looked exactly like katy perry come think,0,YouTube
curti click [url] [url],1,YouTube
[url] please click link,1,YouTube
come check parody,1,YouTube
please subscribe u thank,1,YouTube
please vote wet seal model contest instagram username destinyforever [url],1,YouTube
[url],1,YouTube
katty best,0,YouTube
good mean much good,0,YouTube
song mean much thank soooooooooooooooooooooooooooooooooooooooo much xxx,0,YouTube
lt,0,YouTube
honestly speaking except taylor swift adele lile modern day singer must say whenever hear song feel goosebump quite inspiring thanks miss perry,0,YouTube
going reach billion first katy taylor,0,YouTube
wierd funny,0,YouTube
party rock lol want shuffle,0,YouTube
party rock,0,YouTube
shuffle,0,YouTube
omg,0,YouTube
song really fun,0,YouTube
awsome br,0,YouTube
wow increible song,0,YouTube
love song much,0,YouTube
likeee,0,YouTube
miss people dressed like,0,YouTube
last year decent music,0,YouTube
best song ever,0,YouTube
wo [url],0,YouTube
party rock,0,YouTube
thumb watched,0,YouTube
increidebl,0,YouTube
lmfao,0,YouTube
superr,0,YouTube
llikee,0,YouTube
yeah let start party,0,YouTube
awesome song needed year reach mil view tango switch bitch needed year fairrrrrrr,0,YouTube
nice girl,0,YouTube
remember back popular everyone school shuffling crazy,0,YouTube
lmfao,0,YouTube
super awesome video br,0,YouTube
dance,0,YouTube
party rock br,0,YouTube
best song ever hire br,0,YouTube
ahhh back life suck,0,YouTube
party rock xd,0,YouTube
cute,0,YouTube
lmfao best song ever,0,YouTube
shuffle hard made earthquake nepal,0,YouTube
nice,0,YouTube
still reminds year back shuffle everyday,0,YouTube
love song make wanna dance,0,YouTube
time shirt cool,0,YouTube
love video song course,0,YouTube
check video youtube,1,YouTube
nice br yeah fucking,0,YouTube
well dude faded fuck,0,YouTube
ah good old time,0,YouTube
old good song,0,YouTube
cool,0,YouTube
million view anymore,0,YouTube
good,0,YouTube
check video youtube,1,YouTube
check video youtube br,1,YouTube
remeber good ol day song butt,0,YouTube
music hero,0,YouTube
born wrong generation,0,YouTube
love song make wanna dance,0,YouTube
love song make wanna dance,0,YouTube
good like,0,YouTube
love lmfao party rockin keep going,0,YouTube
best music ever,0,YouTube
likeeee,0,YouTube
cool,0,YouTube
remeber song good,0,YouTube
lt,0,YouTube
want robot guy,0,YouTube
love song,0,YouTube
omg going bi view,0,YouTube
dance,0,YouTube
check video youtube,1,YouTube
year,0,YouTube
cool cool cool cool cool cool cool,0,YouTube
wow love,0,YouTube
know name girl one one,0,YouTube
stop career music music rock,0,YouTube
nice,0,YouTube
sooooo many down,0,YouTube
tension,0,YouTube
nice,0,YouTube
br like video,0,YouTube
music yeah,0,YouTube
like,0,YouTube
epic track video awesome,0,YouTube
likkee,0,YouTube
give like,1,YouTube
let party,0,YouTube
anyone else think video theme bit insult day later,0,YouTube
check video youtube,1,YouTube
never get old,0,YouTube
remember used popular around time br still love,0,YouTube
strong message every song heard,0,YouTube
fucking year fucking past fucking fast fuck,0,YouTube
know old song like watching,0,YouTube
watching summer,0,YouTube
going blow mind,0,YouTube
shufflin still today,0,YouTube
favorite song ever love party rock everybody,0,YouTube
view,0,YouTube
let get billion,0,YouTube
love soooooooooooooooooooooooooooooooooooooooooooooooooo much,0,YouTube
love song much,0,YouTube
subscriber,1,YouTube
song awesome,0,YouTube
best song ever made swear still hear even doe old else,0,YouTube
came vanoss,0,YouTube
best song ever br,0,YouTube
epic,0,YouTube
beautiful song,0,YouTube
feel like gangnam style copied song,0,YouTube
party time,0,YouTube
never get old,0,YouTube
song fu cking awesom,0,YouTube
put picture image thingie,1,YouTube
thumb shrek gay,1,YouTube
thumb robo guy baby,0,YouTube
seriously come beat insanely good holy fuck,0,YouTube
best party song literally party rock housee tonight,0,YouTube
memory,0,YouTube
lovee,0,YouTube
view nikki minaj anaconda,0,YouTube
lmfao best,0,YouTube
else saw jesses dancing sorry spelled wrong peace,0,YouTube
like robot shuffle shuffle good,0,YouTube
cant stop shuffle,0,YouTube
dang dat little kid gat move,0,YouTube
miss song,0,YouTube
love,0,YouTube
check video youtube br gotta dance blast every time hear song love br,1,YouTube
man song really get bone one minute nearly dosing sleep next shuffling like crazy hot foot xd,0,YouTube
shake golden black robot really partying,0,YouTube
take look video youtube,1,YouTube
cooooooooooooolllllllllll,0,YouTube
wow,0,YouTube
everyday shufflin,0,YouTube
everyday shufflin,0,YouTube
thumb fe fe fe fe fegelein brought u,1,YouTube
every day shuffling,0,YouTube
cool song ever good thing,0,YouTube
world shuffle,0,YouTube
funny listen rock death metal like,0,YouTube
th viewed video guess,0,YouTube
favorite song,0,YouTube
like song br,0,YouTube
wow dance show,0,YouTube
awesome,0,YouTube
like ur watchin,1,YouTube
good time,0,YouTube
laughing fucking as,0,YouTube
wait saw kid kidding,0,YouTube
party rock due duel,0,YouTube
fucking love omg v,0,YouTube
good dance companion front whole school,0,YouTube
check video youtube,1,YouTube
could finally spongebob started yesterday xd,0,YouTube
thumb watching,0,YouTube
love,0,YouTube
hate laura bennett come,0,YouTube
party da tonight,0,YouTube
best partying,0,YouTube
omg,0,YouTube
guy jacket sleeve sleeveless arm,0,YouTube
best song ever,0,YouTube
take look video youtub br,1,YouTube
like step,0,YouTube
let get video one billion view,0,YouTube
head like year ago time fly,0,YouTube
still shuffling song,0,YouTube
check video youtube,1,YouTube
df lauren bennett,0,YouTube
awesome,0,YouTube
xd going crazy fuckin crazy watchin brah,0,YouTube
shuffled listening song illness spreading,0,YouTube
way guy warring robot head,0,YouTube
like song,0,YouTube
sorry hater br br br br br br br br br br br br br party rock en,0,YouTube
like br,0,YouTube
gooooood,0,YouTube
likeeeeeeeee,0,YouTube
shuffle,0,YouTube
lol funny love,0,YouTube
good party,0,YouTube
like comment watching,1,YouTube
check video youtube,1,YouTube
check playlist youtube,1,YouTube
check video youtube,1,YouTube
share thought,1,YouTube
subscribe plzzzzzzz plzzzzzzzzzzzzzzzzzzzzzzzzzzzzzzz,1,YouTube
guy lmfaois going reunion june expo idaho garden going performe live going press conference answer question live channel got publishing right subscribe channel watch whole thing u believe look hope see u true fan yes free,1,YouTube
iiiiiiiiiii love shake song oh sorry every shake song like watch subscribe never unlike brooooo shake,1,YouTube
check playlist youtube,1,YouTube
check video youtube br br br br,1,YouTube
check video youtube,1,YouTube
watching subscribe,1,YouTube
come subscribe,1,YouTube
subscribe channel please lol pro play,1,YouTube
check video youtube,1,YouTube
check video youtube,1,YouTube
wanna see many people like comment give month,1,YouTube
please like comment watching,1,YouTube
check video youtube,1,YouTube
like comment kill p,1,YouTube
check video youtube,1,YouTube
check playlist youtube,1,YouTube
check video youtube,1,YouTube
check video youtube,1,YouTube
check video youtube,1,YouTube
check video youtube fb,1,YouTube
school drop out knew friend decided drop school think need id card certification prove educated clean criminal record talented person work entertainment field worldwide think could rich entertainer consolidating actor actress well singer share profit,1,YouTube
check video youtube,1,YouTube
check video youtube,1,YouTube
check video youtube,1,YouTube
check playlist youtube br br br br,1,YouTube
check video youtube,1,YouTube
check playlist youtube br br,1,YouTube
check video youtube,1,YouTube
check video youtube,1,YouTube
check video youtube,1,YouTube
view br br best youtube video br subscribe channel please br thank lt br br melhor v deo youtube br se inscreva meu canal por favor br obrigado lt br br mejor video youtube br si suscriba mi canal por favor br gracias lt br br meilleur vid youtube br si vous abonner cha ne se il vous pla br merci lt,1,YouTube
party next share,1,YouTube
lol check chanell subscribe please want sub thats im nearly,1,YouTube
check video youtube,1,YouTube
check video youtube,1,YouTube
subscribe leave name sub back,1,YouTube
check video youtube,1,YouTube
please subscribe channel thanks,1,YouTube
hey guy im year old remixer producer want guy help checking video sure love music love subscribe know,1,YouTube
subscribe channel,1,YouTube
please suscribe bored subscriber try get,1,YouTube
subscribe watching,1,YouTube
check video youtube br,1,YouTube
hey subscribe peace world,1,YouTube
check playlist youtube,1,YouTube
check video youtube,1,YouTube
check playlist youtube,1,YouTube
like comment reason,1,YouTube
omg first video youtube hit billion view like comment agree,1,YouTube
br please help get subscriber end night thx,1,YouTube
like comment watching video big bang happened br,1,YouTube
check playlist youtube br br,1,YouTube
check playlist youtube,1,YouTube
br br br br br br spooked spookinati br br share people unspooked br br br br br br br br,1,YouTube
like comment watching,1,YouTube
help get subscriber tomorrow br br br br br br br br br br br joking get butt hurt,1,YouTube
check video youtube,1,YouTube
like comment ur watching,1,YouTube
check video youtube,1,YouTube
like comment please,1,YouTube
check playlist youtube,1,YouTube
like subscribe,1,YouTube
like comment watching phone,1,YouTube
check playlist youtube,1,YouTube
check playlist youtube tried,1,YouTube
check playlist youtube,1,YouTube
like comment still jam song year,1,YouTube
subscribe,1,YouTube
check video youtube,1,YouTube
video view br channel got subscriber,1,YouTube
check video youtube,1,YouTube
subscribe chanell,1,YouTube
los invito subscribirse mi canal,1,YouTube
check video youtube,1,YouTube
check playlist youtube,1,YouTube
check video youtube opponent mm br br br br br,1,YouTube
check video youtube br br,1,YouTube
check video youtube,1,YouTube
check video youtube,1,YouTube
check video youtube,1,YouTube
check playlist youtube,1,YouTube
check playlist youtube,1,YouTube
check video youtube,1,YouTube
check video youtube,1,YouTube
check playlist youtube,1,YouTube
like comment reason,1,YouTube
check playlist youtube,1,YouTube
check video youtube,1,YouTube
please become first subscriber thank,1,YouTube
get view subscriber reason,1,YouTube
check video youtube,1,YouTube
check video youtube,1,YouTube
hello russia come channel subscribe,1,YouTube
men stop naive idiot believing love believing woman actually respect want fulfilling drama fee life check mgtow many channel youtube chose give information needed caution men enjoy disposable provider utility,1,YouTube
plea subscribe p game video br br som tip contact kik skype br br kik pander br skype sander nicolaysen br br plea subscribe kashoo gaming,1,YouTube
check playlist youtube,1,YouTube
check video youtube,1,YouTube
check playlist youtube,1,YouTube
check video youtube br br br br br br,1,YouTube
br attention subscribe channel br br gracias br,1,YouTube
check video youtube,1,YouTube
check video youtube,1,YouTube
check video youtube,1,YouTube
check video youtube,1,YouTube
check video youtube,1,YouTube
check playlist youtube,1,YouTube
check video youtube,1,YouTube
check playlist youtube hbbhhhgh,1,YouTube
check playlist youtube,1,YouTube
like subscrib watch,1,YouTube
check video youtube,1,YouTube
check video youtube hjalp,1,YouTube
check video youtube,1,YouTube
check video youtube,1,YouTube
check video youtube,1,YouTube
check video youtube,1,YouTube
check video youtube,1,YouTube
check video youtube,1,YouTube
check video youtube qq,1,YouTube
check video youtube,1,YouTube
check video youtube,1,YouTube
check video youtube,1,YouTube
dear friend please subscribe channel glad see virucide,1,YouTube
check video youtube,1,YouTube
check video youtube,1,YouTube
subscribe channel br tweet amp follow twitter therealterrell br follow back,1,YouTube
want sub tell channel subscribe couple exception,1,YouTube
check playlist youtube,1,YouTube
subscribe subscribe back,1,YouTube
check playlist youtube,1,YouTube
check playlist youtube pl,1,YouTube
check video youtube,1,YouTube
check video youtube,1,YouTube
check video youtube,1,YouTube
check video youtube lo,1,YouTube
check video youtube,1,YouTube
check video youtube,1,YouTube
check video youtube,1,YouTube
check video youtube,1,YouTube
subscribe channel yo dj feelz,1,YouTube
hey guy subscribe chanel subscribe back like vids br br,1,YouTube
check video youtube,1,YouTube
check video youtube,1,YouTube
white people going extinct information subscribe channel search video quot white genocide quot thank,1,YouTube
check video youtube,1,YouTube
check video youtube,1,YouTube
check video youtube,1,YouTube
subscriber please,1,YouTube
yo like song fricking beast anywon herd see mee rollin woke new buggti check nuketown rap shooting see nice quick scoping thing training faze adoult freind sang freinds house rap going fun thing,1,YouTube
hi everyone cool check sexy know,1,YouTube
check video youtube old track still bad,1,YouTube
check youtube channel cool beatboxing,1,YouTube
check video youtube,1,YouTube
hi everyone like music check music channel lexis band uploading song cover soon miss please subscribe help u lot take one click gt,1,YouTube
subscribe,1,YouTube
ummm hit k subscriber make minecraft video help checking,1,YouTube
sup gu video people love party rock thanks watching please subscribe,1,YouTube
hey guy jaylan wanted everybody know yall subscribe please would great new gaming channel uploaded yet upload hit sub thank,1,YouTube
great l subscribe,1,YouTube
check video youtube jjiwajwkajajqjaubkm,1,YouTube
check video youtube,1,YouTube
subscriber look view million wtf p,1,YouTube
check video youtube,1,YouTube
check youtube channel rap,1,YouTube
check video youtube,1,YouTube
check video youtu,1,YouTube
check video youtube,1,YouTube
everyday subscribe,1,YouTube
man check rap channel im better rapper nigger fool,1,YouTube
go check video,1,YouTube
like comment,1,YouTube
check video youtube,1,YouTube
subscribe,1,YouTube
check video youtube br looking wood pile br anyone seen hmm br bout pie br lady,1,YouTube
check music nigga,1,YouTube
check video youtube,1,YouTube
check funny video quot cereal box knock baby quot channel,1,YouTube
subscribe u think quot swag quot fucking stupid,1,YouTube
tuto subscribe channel sign l please thank anything sign lot good video usually,1,YouTube
abomination subscribe agree party channel cool light,1,YouTube
nezo ed br like amp share page facebook please,1,YouTube
check shit channel br br br subscribe like,1,YouTube
good video,0,YouTube
good song,0,YouTube
every bady yust good time,0,YouTube
people like shit hahahahah p br even real music computer based music br well done music industry,0,YouTube
love song much,0,YouTube
one make wanna party like lmfao wanna rage every time one song come band quot rock inc quot kid know party,0,YouTube
best song ever,0,YouTube
best song ever,0,YouTube
love song make happy,0,YouTube
ooooo shuffllllllllllllllllllllllinnnnn,0,YouTube
awesome,0,YouTube
learned shuffle,0,YouTube
best song saw,0,YouTube
watch sound,0,YouTube
looooooooove song,0,YouTube
everyone please subscribe channel go look video,1,YouTube
everyone please subscribe channel go look video,1,YouTube
everyone please go subscribe channel loon video,1,YouTube
like comment reason,1,YouTube
love song,0,YouTube
song awesome guy best love video hilarious lol im getting popular fast rap meaning thumb piss next water toilet doesnt make noise,1,YouTube
many thumb louis saving day,1,YouTube
nice,0,YouTube
lovely girl talk xxx,1,YouTube
always end coming back song br,0,YouTube
cool,0,YouTube
hello palastine,1,YouTube
wow video almost billion view know popular,0,YouTube
go check rapping video called four wheel please,1,YouTube
almost billion,0,YouTube
eminem idol people espa mexico latinoamerica,0,YouTube
help get sub please,1,YouTube
love song,0,YouTube
perfect example abuse husband thing feminist definitely agree song well see someone going die sayin,0,YouTube
take look video youtube,1,YouTube
check channel nice beat,1,YouTube
rihanna eminem together unstoppable,0,YouTube
check playlist youtube,1,YouTube
song rape cheating br br br br br br br br br br basically,0,YouTube
like please,1,YouTube
omg look like piece mirror harry potter deathly hallows br either house sirius black,0,YouTube
come check music im spamming load video try get music across new people,1,YouTube
huh hyuck hyuck im special watching im australia something give attention please im rapper dream im gonna share google plus im cool,1,YouTube
one best song music history,0,YouTube
check playlist youtube,1,YouTube
check video youtube,1,YouTube
check video youtube,1,YouTube
fuck eminem bieber best lt,0,YouTube
check playlist youtube chcfcvzfzfbvzdr,1,YouTube
check playlist youtube,1,YouTube
im gonna share little ryhme canibus blow eminem away quadrillion time especially category intelligent thing mind learned rapped forgot eminem spit first ryme luv ya linz e,1,YouTube
check video youtube,1,YouTube
check video youtube br br br,1,YouTube
check new remix br click click,1,YouTube
check playlist youtube,1,YouTube
personally never abusive relationship probably never hit woman mom dad used hit mom left relate writing one moment subscribe hear every fan count,1,YouTube
love,0,YouTube
plese subscribe,1,YouTube
check video youtube,1,YouTube
nd best song im gone amp,0,YouTube
check video youtube,1,YouTube
eminem rihanna sing song well,0,YouTube
subscribe secret video,1,YouTube
check video youtube,1,YouTube
check video youtube rhinnah,1,YouTube
subscribe clean eminem,1,YouTube
love way lie quot,0,YouTube
check video youtube,1,YouTube
guy win dollar sleeping love planet full retard,1,YouTube
check video youtube,1,YouTube
goot,0,YouTube
im still listening,0,YouTube
check channel funny skit thanks,1,YouTube
hahahahah like vine subscribe daily vine,1,YouTube
please read please country singer trying become someone would like video please type boy round country girl computer wasting tear e please subscribe like,1,YouTube
check video youtube,1,YouTube
check eminem rap god lyric video,1,YouTube
love song,0,YouTube
like comment type,1,YouTube
charlie lost br,0,YouTube
fuck cheat megan fox,0,YouTube
megan fox,0,YouTube
love music,0,YouTube
fucking song like n oreo white part good,0,YouTube
love,0,YouTube
time past fast,0,YouTube
fuck yeah,0,YouTube
eminem ginius stop,0,YouTube
rap cool rihanna sttuupid,0,YouTube
gonna stand hear cry,0,YouTube
love,0,YouTube
feel emotion song god damn,0,YouTube
megan fox eminem together video doesnt get better,0,YouTube
best song,0,YouTube
charlie lost,0,YouTube
anyone else notice megan fox video,0,YouTube
love,0,YouTube
hate rap like song,0,YouTube
love way lie driveshaft,0,YouTube
song nice,0,YouTube
sick music sick female,0,YouTube
love trop fort votre clip,0,YouTube
eminem et rihana trop belle chanson,0,YouTube
song better monster eminem,0,YouTube
good boy br krean like eminem,0,YouTube
wonderful,0,YouTube
awesome song ever,0,YouTube
love,0,YouTube
year pop,0,YouTube
sorry eminmem worthless wife beating bastard,0,YouTube
spousal abusue cool great,0,YouTube
megan fox similar,0,YouTube
eminem rihanna,0,YouTube
love song,0,YouTube
nicei,0,YouTube
like song much,0,YouTube
love mom,0,YouTube
watching like,0,YouTube
amazing song,0,YouTube
like,0,YouTube
eminem insperasen fav,0,YouTube
video deserves b b b view,0,YouTube
could hear year,0,YouTube
still watching,0,YouTube
wish guy protective geeze,0,YouTube
super rihanna,0,YouTube
rihanna beautiful amazing love much forever riri fan,0,YouTube
fav,0,YouTube
every single one song brings back place never go back hurt bad inside,0,YouTube
cried song bringing back hard memory,0,YouTube
song bad,0,YouTube
charlie lost,0,YouTube
admitting killed girlfriend,0,YouTube
want smack year boy forever,0,YouTube
love song,0,YouTube
megan fox gorg eminem truly rap god,0,YouTube
amazing song,0,YouTube
charlie lost,0,YouTube
thumb watching like,0,YouTube
first fighting making,0,YouTube
love song moon gt rock,0,YouTube
hello azerbaijan br,0,YouTube
view,0,YouTube
fuck,0,YouTube
hate rap,0,YouTube
song video trigger good,0,YouTube
meghan fox,0,YouTube
charlieee dddd saw lost understand,0,YouTube
many comment,0,YouTube
best song,0,YouTube
song world even,0,YouTube
hi loving,0,YouTube
lol thats guy animal planet lost girl megan fox think hahah,0,YouTube
song true insane boy girl true people say guy never girl boy liers stop treating u girl way suck,0,YouTube
hello bulgaria,0,YouTube
love song sooooooooooooooo much,0,YouTube
eminem love way lie,0,YouTube
girl megan fox,0,YouTube
freaking sad,0,YouTube
like lyric music video,0,YouTube
br,0,YouTube
looooved,0,YouTube
need get billion view,0,YouTube
amazing,0,YouTube
almost billion,0,YouTube
great song,0,YouTube
anybody else,0,YouTube
like mmph version better,0,YouTube
thumb listen,0,YouTube
hi bangladesh,0,YouTube
megan fox,0,YouTube
fire,0,YouTube
love way lie,0,YouTube
love way lie ii nicer opinion,0,YouTube
almost billion,0,YouTube
person love real music listen quot cruz supat quot br awesome fuck eminem used,0,YouTube
charlie got island dated megan fox b claire,0,YouTube
eminem best rapper time,0,YouTube
omg guy sound like american professor green,0,YouTube
thumb think billion view,0,YouTube
lemme top comment please,0,YouTube
love song,0,YouTube
favorite song,0,YouTube
tryna work rapper check one already channel,1,YouTube
check berzerk video channel,1,YouTube
super,0,YouTube
eminem new song check video,1,YouTube
check video youtube,1,YouTube
subscribe please guy,1,YouTube
hey e young coming rapper wanna get music heard know spam wont get fame moment got way getting little attention please favour check channel drop sub enjoy im getting started really appreciate take time leave constructive criticism already got subscriber view first vid ive told potential,1,YouTube
love,0,YouTube
lil check hi live way lie many check subscribe,1,YouTube
watch v aimbwbfqbzg watch subscrible,1,YouTube
love eminem,0,YouTube
love lie good,0,YouTube
still listening,0,YouTube
hey e young coming rapper wanna get music heard know spam wont get fame moment got way getting little attention please favour check channel drop sub enjoy im getting started really appreciate take time leave constructive criticism already got subscriber view first vid ive told potential,1,YouTube
eminem rock,0,YouTube
check youtube video funny cool rap,1,YouTube
hay honesty wright year old love song thank makeing song love song much sometime hart get breaken people kill self go cazzy love much thanks keep go make sure dream comeing rule good luck,0,YouTube
awesome,0,YouTube
lovet,0,YouTube
subscribe like video please,1,YouTube
subscribed btw good style keep brother,1,YouTube
know may want read please cypher year old rapper skill people said stuff good new stuff good please check current song comment like thank reading rap life,1,YouTube
charlie lost,0,YouTube
eminem best,0,YouTube
hello friend young year old rapper trying make something nothing please take second life check video help reach dream god bless,1,YouTube
beautiful song,0,YouTube
check channel boy girl,1,YouTube
hey guy know annoying getting spammed sorry bout please take moment check channel im rapper decent skill want share music people take listen thumb see,1,YouTube
best rap ever,0,YouTube
lover song,0,YouTube
hey guy know wanna skip please take chance check music young coming rapper big dream appreciate constructive critisism please look thank time,1,YouTube
love song br supper cool br,0,YouTube
like music anyone listening lyric,0,YouTube
maybe one probably read case put quot thumb quot others see started rapping seriously type lunden video simple button help dream come true people ignore listen subscribe thank god bless,1,YouTube
check channel lyricism,1,YouTube
big sister like,0,YouTube
bad,0,YouTube
love eminem lt,0,YouTube
look like megan fox xd,0,YouTube
megan fox,0,YouTube
hate eminem nirvana trust,0,YouTube
like eminen,0,YouTube
check playlist,1,YouTube
medium evil please see share w w w farrell report net top ex uk police intelligence analyst turned whistleblower tony farrell expose horrific monstrous cover perpetrated criminal operating crime inside mainstream entertainment medium law firm beware protect child devil brutally target innocent people real criminal linked london attack must see make viral also see uk column video st january,1,YouTube
subscribe channel,1,YouTube
simply rap god,0,YouTube
megan fox x,0,YouTube
love song,0,YouTube
check new em cover video trailer,1,YouTube
really good song br know love song song,0,YouTube
eminem greatest artist ever touch mic,0,YouTube
love rihanna thailand,0,YouTube
classsic,0,YouTube
sorry spam yall know annoying spare min please check new track channel upcoming uk rapper please come check song u might like em worry sorry wastin time even thumb get noticed really help peace yall,1,YouTube
guy charley lost tv show,0,YouTube
subscribe channel watch v nxk hkds,1,YouTube
hi im year rapper support guy check channel check song might like also follow twitter mcashim follow back,1,YouTube
hello brazil,0,YouTube
eminem best ever,0,YouTube
hey guy look im aware im spamming piss people please take moment check music im young rapper love wanna share music people click picture see like stuff,1,YouTube
best song ever,0,YouTube
check eminem latest track survival u didnt,1,YouTube
subscribe channel x please spare,1,YouTube
check video guy hope guy good laugh,1,YouTube
yr ago health scare thankfully okay realized living life fullest mission everything always wanted found going die tomorrow would happy accomplished would regret certain thing sorry spamming trying motivate people thing always wanted bored come see done far almost subscriber started,1,YouTube
rihanna look beautiful red hair,0,YouTube
view awesome,0,YouTube
nice song,0,YouTube
love song,0,YouTube
love song,0,YouTube
shakira best worldcup,0,YouTube
best world cup song ever,0,YouTube
love,0,YouTube
see song open google type shakira guruofmovie,1,YouTube
awesome,0,YouTube
like shakira,0,YouTube
shakira waka waka br love song,0,YouTube
many disliked,0,YouTube
think song ever get old,0,YouTube
love song,0,YouTube
wery good,0,YouTube
whose watching hi,0,YouTube
love song much lt br keep em coming,0,YouTube
love song thumsb,0,YouTube
waka best one,0,YouTube
year later still love song br axy,0,YouTube
like,0,YouTube
check playlist youtube,1,YouTube
voice sound weird plus cute blonde,0,YouTube
nice love itttttttt wurkkkkkkkkkkkkkkkkkkkkkkkkkkkkkkkkkkkkkkkkkkkkkkkkkkkkkkkkkkkkkkkkkkkkkkkkkkkkkkkkkkkkkkkkkkkkkkkkkkkkk,0,YouTube
still watching,0,YouTube
shakira favourite singer wooooo,0,YouTube
remember song,0,YouTube
like,0,YouTube
whose watching like,0,YouTube
best song world,0,YouTube
beautiful,0,YouTube
good song,0,YouTube
awesome entertainer pretty lt shakira,0,YouTube
check video youtube,1,YouTube
love song,0,YouTube
love song soccer team made cd couch song,0,YouTube
fave song,0,YouTube
watching,0,YouTube
felt old realized song year old,0,YouTube
love shakira,0,YouTube
one best song time,0,YouTube
really madly love woman,0,YouTube
totally love song absolutely fantastic love ya shakira,0,YouTube
im still watching,0,YouTube
song sad,0,YouTube
goood,0,YouTube
best fifa world cup song sure,0,YouTube
nice v deo shakira good,0,YouTube
waka waka,0,YouTube
beautiful american,0,YouTube
thumb watching,1,YouTube
ilovethissong,0,YouTube
subscribe please promise sub back,1,YouTube
lamest world cup song ever time africa mean africa live aid event something made seem like charity case instead proud moment ricky martin needed smh,0,YouTube
friend sam love song,0,YouTube
check video youtube,1,YouTube
love,0,YouTube
ilove shakira,0,YouTube
cool best song ever,0,YouTube
omg listen soo good,0,YouTube
uncle said stop smoking comment get like please like comment thanks,1,YouTube
nice song,0,YouTube
waka waka,0,YouTube
super music,0,YouTube
could k people dislike song video,0,YouTube
love,0,YouTube
swear shakira keep getting gorgeous definitely look gorgeous hair way super curly,0,YouTube
youtube comment like br year ago,0,YouTube
piss bit blank space view mio meh,0,YouTube
best,0,YouTube
love p,0,YouTube
love shakira,0,YouTube
lt song much shakira really good artist,0,YouTube
love shakira br,0,YouTube
remember torunament like today,0,YouTube
thank please give email,1,YouTube
beautiful,0,YouTube
like,0,YouTube
great,0,YouTube
best world cup song,0,YouTube
fuck best ever nummber patrik kluivert son share,1,YouTube
song beauty,0,YouTube
heard year old still love,0,YouTube
nice song,0,YouTube
waka waka,0,YouTube
oh god go billion replay love shakira,0,YouTube
love,0,YouTube
love song amp love shakira lt,0,YouTube
yea stil best wk song ever br thumb think br,1,YouTube
liked br,0,YouTube
like song,0,YouTube
like,0,YouTube
waka waka,0,YouTube
amazing song,0,YouTube
cool song,0,YouTube
love u shakira,0,YouTube
waka waka,0,YouTube
song suck,0,YouTube
lol love song,0,YouTube
shakira,0,YouTube
subscribe channel recording fifa goal watch,1,YouTube
wow year br,0,YouTube
subscribe wil subscribe back,1,YouTube
best singer,0,YouTube
year soon,0,YouTube
like,0,YouTube
wanderfol love miusic,0,YouTube
waka waka,0,YouTube
best song ever x,0,YouTube
love,0,YouTube
wow,0,YouTube
waka waka eh eh,0,YouTube
cutie girl beautiful song,0,YouTube
love shkira,0,YouTube
loved song teenage year,0,YouTube
lip synch terrible,0,YouTube
gusttavo lima voc n conhece br check,1,YouTube
best world cup offical song,0,YouTube
year ago damn,0,YouTube
nice,0,YouTube
like,0,YouTube
shakira song waka waka,0,YouTube
underrated better br katy perry saying katy bad meaning song shakira br meaningful song song bring memory vibe miss br,0,YouTube
love song expect world cup,0,YouTube
good time,0,YouTube
love song much one faves xxx,0,YouTube
best song go shaki,0,YouTube
shit sooooo autotuned,0,YouTube
stil lisening,0,YouTube
sexy shakira,0,YouTube
love shakiria,0,YouTube
aunt love song,0,YouTube
subscribed br,1,YouTube
check playlist youtube br,1,YouTube
top three shakira song choice br br waka waka time africa br br remember forget br br empire br br like comment u like shakira,1,YouTube
check video youtube,1,YouTube
check playlist youtube central,1,YouTube
please visit channel,1,YouTube
plea subscribe channel gamezzmta,1,YouTube
plea subscribe channel,1,YouTube
plea subscribe gamezz mta channel br,1,YouTube
check video youtube,1,YouTube
subscribe win cap br,1,YouTube
check playlist youtube,1,YouTube
hey guy love check girl name cause know dance search ej ba dancing,1,YouTube
brazil please subscribe channel love,1,YouTube
could spanish people understand br br way subscribe brake thing br br,1,YouTube
pleassssssssssssssss subscribeeeeeeeeee channnnnnelll plzz,1,YouTube
check video youtube,1,YouTube
beautiful song please subscribe,1,YouTube
channel get subscriber make happen,1,YouTube
many subscriber compared million,1,YouTube
hahahahah like vine subscribe daily vine,1,YouTube
subscribe feed,1,YouTube
subscribe daily vine,1,YouTube
waka waka check new halloween video,1,YouTube
year old boy trying enter music industry maybe dreamer one please give u one chance prove ourself know thing annoying hell sorry anything get music heard please visit channel subscribe like thumb comment everyone see made song called wanna play game please take look channel thanks,1,YouTube
plz wilsubscribe frndzzl subscribe u back,1,YouTube
subscribe requite,1,YouTube
love one fave song subscribed,1,YouTube
make lot money fast,1,YouTube
visit quot ww estiloproduction com quot best website make money,1,YouTube
message gta v fifa p galaxy mini ipad visit site hh nl,1,YouTube
paid respond fast paid survey home enabled give working make buck monthly read go web site [url],1,YouTube
check channel,1,YouTube
subscribe,1,YouTube
please visit website oldchat tk,1,YouTube
please visit website oldchat tk,1,YouTube
check daneja good girl,1,YouTube
subscribe youtube channel suscribite mi canal de youtube whatuknow,1,YouTube
check bass cover hip lie shakira,1,YouTube
subscribe channel lt,1,YouTube
british called soccer know true word football u foot called rugby work like euw germany netherland france portugal belgium spain british agree like u unique reason also refused euro money,1,YouTube
subscribe love song love football,1,YouTube
beutiful,0,YouTube
beutiful,0,YouTube
pretty,0,YouTube
like,0,YouTube
perfect,0,YouTube
gangnam style,1,YouTube
fucking bitch,0,YouTube
song racist,0,YouTube
shakifans,0,YouTube
like,0,YouTube
want new song,0,YouTube
shakira perfect,0,YouTube
shakira,0,YouTube
remember,0,YouTube
waka waka,0,YouTube
make miss world cup,0,YouTube
best song eva,0,YouTube
love,0,YouTube
voice wow,0,YouTube
shakira,0,YouTube
wow,0,YouTube
love,0,YouTube
like love much people friend love shakira,0,YouTube
shakira love,0,YouTube
beautiful,0,YouTube
shakira beautiful,0,YouTube
good,0,YouTube
god hot,0,YouTube
perfect,0,YouTube
wow,0,YouTube
shakira voice sound spanish make music sound amazing love,0,YouTube
check daneja good girl,1,YouTube
check cover please,1,YouTube
hey check new musicvideo life celebration peace,1,YouTube
hi check share song,1,YouTube
subscribe amp like watch v tu gn l,1,YouTube
watch v dtqcftr fac justien bieber car like amp subscribe,1,YouTube
check band page youtube killtheclockhd check original song including quot disguise quot,1,YouTube
hi check awesome cover say think,1,YouTube
please visit web wellcomemd blogfa com,1,YouTube
please check video called quot love mind master quot thanks,1,YouTube
perfect,0,YouTube
beautiful song beautiful girl work,0,YouTube
shakira,0,YouTube
omg love,0,YouTube
ouf ouf ouffffffffffffffffff,0,YouTube
awesome,0,YouTube
cool,0,YouTube
song never get old,0,YouTube
always goose bump part,0,YouTube
love,0,YouTube
love song,0,YouTube
want see shakira football,0,YouTube
good,0,YouTube
recommend apple ipad th gen gb unlocked wi fi g white price apple iphone latest model gb black price samsung galaxy iv gb new white price sony inch led hdtv price one pc apple macbook pro apple macbook air price camera nikon slr camera mm mm gb price ultrabooks sony vaio pro intel core gb gb price purchase online website taaee com,1,YouTube
quot help humanity sign link wholehearted support say quot quot discrimination united stand bring change together impossible say possible quot winner success cheer loving brother sister please share link facebook support discrimination tinyurl dot com slash mxh fear none god,1,YouTube
part comforter afflicted pray u help christian pray u queen angel pray u queen patriarch pray u queen prophet pray u queen apostle pray u queen martyr pray u queen confessor pray u queen virgin pray u queen saint pray u queen conceived without original sin pray u queen holy rosary pray u queen family pray u queen peace pray u,1,YouTube
part holy mary pray u holy mother god pray u holy virgin virgin pray u mother christ pray u mother divine grace pray u mother pure pray u mother chaste pray u mother inviolate pray u mother undefiled pray u mother amiable pray u mother admirable pray u mother good counsel pray u mother creator pray u mother redeemer pray u,1,YouTube
hi everyone anyone real online work help u earn lot money fun real affiliated company u think u r working easy enjoyable info contact neeru gmail com,1,YouTube
nice song,0,YouTube
god sexy drive crazy,0,YouTube
wow,0,YouTube
shakira best,0,YouTube
nice,0,YouTube
shakira,0,YouTube
shakira,0,YouTube
best,0,YouTube
want make easy money check page tvcmcadavid weebly com dont miss opportunity give thumb would apprecitate,1,YouTube
please check video called quot love mind master quot thank u,1,YouTube
way make money k per month search google gt gt nl make money without investment,1,YouTube
meet richest online marketer click [url],1,YouTube
know people make another account subscribing liking,1,YouTube
subscribe look nice,1,YouTube
hey dickwad african colour skin tell u something long ago ancestor left africa check baba brinkman song called quot african quot go learn something,1,YouTube
wow muslim really egoistic world population video donating dollar poor one africa shame terrorist muslim,1,YouTube
wats good go check music da channel ik yall got,1,YouTube
know check amy music yall got go da channel,1,YouTube
northland paranormal society youtube check channel real paranormal evidence facebook northland paranormal society,1,YouTube
hello everyone know probably pas kind comment still reading thanks money advertisement chance getting heard nothing live small town come spam sorry instrumental songwriter columbus mississippi please go channel check original music would highly appreciated thumb comment music heard thank adam whitney,1,YouTube
going call instrumental songwriter there singing there song write lol got alot learn kid hey forget subscribe,1,YouTube
hello everyone know probably pas kind comment still reading thanks money advertisement chance getting heard nothing live small town come spam sorry instrumental songwriter columbus mississippi please go channel check original music would highly appreciated thumb comment music heard thank adam whitney,1,YouTube
please go see channel subscribe would nice mate,1,YouTube
wanna earn money online without investment visit link therglove blogspot blog post html,1,YouTube
hello everyone know probably pas kind comment still reading thanks money advertisement chance getting heard nothing live small town come spam sorry instrumental songwriter columbus mississippi please go channel check original music would highly appreciated thumb comment music heard thank adam whitney,1,YouTube
check dubstep version,1,YouTube
make money,1,YouTube
wanna laugh please subscribe channel,1,YouTube
earn money online effort [url],1,YouTube
could please check cover channel cover like adele kodaline imagine dragon please could spare minute could listen one two cover feel free comment subscribe thank,1,YouTube
adf ly kld,1,YouTube
check irish guy cover avicii wake search quot wake fiddle silly quot worth listen gorgeous fiddle player,1,YouTube
hello everyone know probably pas kind comment still reading thanks money advertisement chance getting heard nothing come spam sorry video animator trying make video animation industry please give chance prove please visit channel subscribe like thumb comment everyone see thank,1,YouTube
hello everyone know probably pas kind comment still reading thanks money advertisement chance getting heard nothing come spam sorry video animator trying make video animation industry please give chance prove please visit channel subscribe like thumb comment everyone see thank,1,YouTube
hey youtubers really appreciate took time read year old boy want successful musician music world dont money advertise channel could visit channel comment video subscribe would great second life thank u people gave chance l really appreciate,1,YouTube
subscribe pagee please,1,YouTube
please subscribe page thanks,1,YouTube
hey hit shit yall killed versace remix type cge quot versace freestyle get money quot shot ja wan gardner help reach million view,1,YouTube
hey guy girl check comedy recipe hilarious tube video prank crank call,1,YouTube
subscribe subscribe back,1,YouTube
subscribe subscribe back,1,YouTube
please check channel subscribe back,1,YouTube
really ask nicely view vids subscribe back,1,YouTube
facebook lame check swagfriends com make thousand cool new friend everyday join new movement,1,YouTube
hi check share song,1,YouTube
check partyman fr good tunez,1,YouTube
hey youtubers really appreciate took time read year old boy want successful musician music world dont money advertise channel could visit channel comment video subscribe would great second life thank u people gave chance l really appreciate,1,YouTube
hey music fan really appreciate take time read check music year old boy dreaming successful musician music world lot cover piano cover money advertise simple thumb comment comment video subscription would step forward second life regret thank u people give chance,1,YouTube
hey music fan really appreciate take time read check music year old boy dreaming successful musician music world lot cover piano cover money advertise simple thumb comment comment video subscription would step forward second life regret thank u people give chance,1,YouTube
hey music fan really appreciate take time read check music year old boy dreaming successful musician music world lot cover piano cover money advertise simple thumb comment comment video subscription would step forward second life regret thank u people give chance,1,YouTube
hi check share song,1,YouTube
hi check share song,1,YouTube
hi check share song,1,YouTube
hey music fan really appreciate take time read check music year old boy dreaming successful musician music world lot cover piano cover money advertise simple thumb comment comment video subscription would step forward second life regret thank u people give chance,1,YouTube
hey forty hour famine giving food social working hour raise money african people experience luxury donate give chance amount would click link donate h p h f c u n h n l thanks,1,YouTube
love itt ppl check channel,1,YouTube
subscribe channel,1,YouTube
adf ly kld,1,YouTube
adf ly kld,1,YouTube
check new video,1,YouTube
hey music fan really appreciate take time read check music year old boy dreaming successful musician music world lot cover piano cover dont money advertise simple thumb comment comment video subscription would step forward second life u regret thank u people give chance mean lot,1,YouTube
hello everyone intention spam truly sorry anyone annoyed please hear rapper singer music producer song writer making music eight year exact enjoy making type music anyone listen talking killing anyone importantly focus quality music please check page focus quality music please check page click away thank nice day,1,YouTube
facebook lame check swagfriends com make thousand cool new friend everyday join new movement,1,YouTube
please check send others freedom justice line please google steven l reed case land supreme court thanks,1,YouTube
nice meet johnny already know music thumb found way want hear original song completely made person continue reading sing write original music lyric amp play guitar bass drum amp keyboard man band music completely independent amp listener supported want hear amp willing help record new album click name picture enjoy music wish awesome day,1,YouTube
hey check channel alvar lake,1,YouTube
hi johnny already know music thumb found way want hear original song completely made person continue reading sing write original music lyric amp play guitar bass drum amp keyboard man band music completely independent amp listener supported want hear amp willing help record new album click name picture thank amp enjoy music wish awesome day,1,YouTube
wow,0,YouTube
love song,0,YouTube
love song,0,YouTube
check video youtube br quot time africa quot one trayvon motherland br thank shakira,1,YouTube
watched large amount view convinced girl hot,0,YouTube
people earth seen perform every form evil leisure cease reveling hate behold murder innocent day night plot evil neighbor stand right commit abomination clap hand wickedness celebrated openly street perverse abominable generation shall repay hear word lord trumpetcallofgodonline co,1,YouTube
song always give chill,0,YouTube
love dis song,0,YouTube
never forget song life like comment hearing song like year,1,YouTube
omg facebook old check gt swagfriends com make thousand cool new friend everyday join movement,1,YouTube
hey music fan really appreciate take time read check music year old boy dreaming successful musician music world lot cover piano cover dont money advertise simple thumb comment comment video subscription would step forward second life u regret thank u people give chance mean lot,1,YouTube
check new mixtape check new mixtape check new mixtape check new mixtape check new mixtape check new mixtape check new mixtape check new mixtape check new mixtape check new mixtape check new mixtape check new mixtape check new mixtape check new mixtape check new mixtape check new mixtape,1,YouTube
check new mixtape check new mixtape check new mixtape check new mixtape check new mixtape check new mixtape check new mixtape check new mixtape check new mixtape check new mixtape check new mixtape check new mixtape check new mixtape check new mixtape check new mixtape check new mixtape,1,YouTube
check new mixtape check new mixtape check new mixtape check new mixtape check new mixtape check new mixtape check new mixtape check new mixtape check new mixtape check new mixtape check new mixtape check new mixtape check new mixtape check new mixtape check new mixtape check new mixtape,1,YouTube
waka waka rule,0,YouTube
sooooo beautiful,0,YouTube
well done shakira,0,YouTube
love song sing camp time,0,YouTube
love song two reason africa born beautiful south africa,0,YouTube
wow,0,YouTube
shakira u wiredo,0,YouTube
shakira best dancer,0,YouTube
